Entry Date,Stock Y,Stock X,ADF_PValue_Entry,ZScore Entry,Beta,Intercept,StdErr_Residual,Position,Exit Date,ADF_PValue_Exit,ZScore Exit,Entry Open Price X,Exit Open Price X,Entry Open Price Y,Exit Open Price Y,Lot Size X,Lot Size Y,Trade PnL,Correlation,Sign,Sector,Cumulative PnL
2024-07-12,TATAPOWER.NS,GAIL.NS,0.009475276103395387,-3.1332745268058417,2.1297825789263447,-3.9455468451048947,15.672757962038284,long,2024-07-15,0.01616736400182732,-3.81061668874415,228.7100067138672,237.16000366210938,434.04998779296875,439.3500061035156,1,2,2.1500396728515625,0.967,positive,Utilities,2.1500396728515625
2024-07-12,MGL.NS,TATAPOWER.NS,0.04805999239138545,2.611478312654867,2.092037817118882,545.2171092537467,93.14031082881114,short,2024-07-24,0.2291608847807623,3.04186316532267,434.04998779296875,419.95001220703125,1696.5,1753.050048828125,1,2,-127.2000732421875,0.8062,positive,Utilities,-125.05003356933594
2024-07-12,BANKBARODA.NS,LICI.NS,0.01336877256383644,-2.5563656847443443,0.18339137368188185,82.3637461468048,9.626536664917724,long,2024-07-19,0.04873285512520383,-3.335847952776473,1051.550048828125,1108.25,250.60000610351562,250.60000610351562,1,1,-56.699951171875,0.8856,positive,Financial Services,-181.74998474121094
2024-07-12,FEDERALBNK.NS,IEX.NS,0.008477108667969087,4.099106841705489,0.6638431022866145,55.48134375071828,5.467561811110663,short,2024-07-15,0.042566550041956454,3.6772718614720468,177.1300048828125,178.22000122070312,195.47999572753906,194.75,1,1,1.8199920654296875,0.8718,positive,Financial Services,-179.92999267578125
2024-07-12,AXISBANK.NS,IEX.NS,0.021450372112938498,2.6465503234572636,4.879875244834707,363.2016645850512,33.90302368434636,short,2024-07-24,0.030321701889894616,0.4288702297357392,177.1300048828125,174.42999267578125,1317.300048828125,1239.25,1,5,387.55023193359375,0.7524,positive,Financial Services,207.6202392578125
2024-07-12,BOSCHLTD.NS,INDHOTEL.NS,0.011759411184901177,3.339563336103799,61.380857340707806,-5319.393693683114,1196.3081753151423,short,2024-07-15,0.013143931897591695,3.3123208464134484,594.0499877929688,591.6500244140625,35139.05078125,35085.19921875,1,61,3282.5453491210938,0.7791,positive,Consumer Cyclical,3490.1655883789062
2024-07-12,ICICIBANK.NS,SBIN.NS,0.03515332917330065,2.6666286230074783,0.7496648965805087,519.8810958797887,25.699869566214996,short,2024-07-30,0.015518074139494142,0.9441573296914562,859.7000122070312,872.7999877929688,1232.9000244140625,1209.449951171875,1,1,36.550048828125,0.8077,positive,Financial Services,3526.7156372070312
2024-07-12,DRREDDY.NS,CIPLA.NS,0.020477821932893246,2.7575642277215047,0.42493661612972056,608.7453255444342,33.58734386133583,short,2024-07-15,0.042165999273084884,3.067686288803145,1512.050048828125,1517.199951171875,1343.8900146484375,1358.949951171875,1,1,-9.9100341796875,0.8003,positive,Healthcare,3516.8056030273438
2024-07-16,FEDERALBNK.NS,IEX.NS,0.032493749771346454,3.7347987239621205,0.6797592175107284,53.42279537904372,5.724194303513089,short,2024-07-18,0.049132607585524894,4.235537978573502,177.33999633789062,173.55999755859375,195.35000610351562,196.60000610351562,1,1,-5.029998779296875,0.8718,positive,Financial Services,3511.775604248047
2024-07-16,BOSCHLTD.NS,INDHOTEL.NS,0.015575469328503224,3.4711944861936446,61.92366210333641,-5557.445398678061,1246.3713528156065,short,2024-07-18,0.023521883410314897,3.6189455755074533,586.8499755859375,582.2999877929688,35108.8515625,35149.8515625,1,62,-2546.5499877929688,0.7791,positive,Consumer Cyclical,965.2256164550781
2024-07-19,BOSCHLTD.NS,INDHOTEL.NS,0.03185607436422789,2.8887019972736456,62.53085052259523,-5828.353072828717,1303.3791003683696,short,2024-07-22,0.019475297357656098,0.8544031522461263,577.9000244140625,620.3499755859375,34073.30078125,34135.6015625,1,63,-3882.499267578125,0.7791,positive,Consumer Cyclical,-2917.273651123047
2024-07-22,DRREDDY.NS,CIPLA.NS,0.04283077744269276,3.013176355845054,0.44058563955061536,589.8996423863475,35.778791435504345,short,2024-07-23,0.08589809264959958,3.354218102449964,1490.0,1497.9000244140625,1354.1800537109375,1373.0,1,1,-10.919921875,0.8003,positive,Healthcare,-2928.193572998047
2024-07-22,MPHASIS.NS,HCLTECH.NS,0.043286579034256645,2.9213930290314,0.7290853349265796,1411.8218908494111,124.62809407008477,short,2024-07-26,0.1190501854359356,3.3691148944717173,1577.0999755859375,1635.3499755859375,2925.75,3029.800048828125,1,1,-45.800048828125,0.8414,positive,Technology,-2973.993621826172
2024-07-23,ESCORTS.NS,POLYCAB.NS,0.02986970593557225,2.524593072533709,0.5489536700578557,245.5397531647099,185.4346773461869,short,2024-07-31,0.015314835049567224,0.7166268790240986,6206.64990234375,6858.2001953125,4120.85009765625,4173.39990234375,1,1,599.00048828125,0.8387,positive,Industrials,-2374.993133544922
2024-07-23,NTPC.NS,TATAPOWER.NS,0.002703162813464417,2.690794851920911,0.721699322971633,52.73244858138978,10.839128721937938,short,2024-07-24,0.006237837922827747,3.359429776143256,416.45001220703125,419.95001220703125,382.45001220703125,392.6000061035156,1,1,-6.649993896484375,0.9599,positive,Utilities,-2381.6431274414062
2024-07-23,LAURUSLABS.NS,GLENMARK.NS,0.0003335277229271739,-2.5172327457807153,0.1390619130217,276.8423472554159,17.694692071176252,long,2024-07-30,0.011238697884242652,-0.5809043452130616,1424.9000244140625,1432.699951171875,430.45001220703125,458.75,1,1,20.50006103515625,0.7527,positive,Healthcare,-2361.14306640625
2024-07-23,PIDILITIND.NS,TATASTEEL.NS,0.04216791576625488,2.6160456315805067,10.896815311402818,1181.234375999234,96.12106555866887,short,2024-08-08,0.015495036449964352,3.5264262625014156,160.02000427246094,150.27999877929688,3176.39990234375,3168.300048828125,1,11,79.35838317871094,0.797,positive,Basic Materials,-2281.784683227539
2024-07-25,NTPC.NS,TATAPOWER.NS,0.016103189762097642,3.0362840001930573,0.7214655068863243,53.26553680499665,11.017424702550663,short,2024-07-31,0.01368374018228982,3.143667316288715,423.3500061035156,453.6000061035156,392.1499938964844,416.0,1,1,6.399993896484375,0.9599,positive,Utilities,-2275.3846893310547
2024-07-25,ICICIGI.NS,SHRIRAMFIN.NS,0.012485222387790885,3.423175311277145,2.46562682981241,433.45469991618825,60.16708349402764,short,2024-08-02,0.0026706435947918,0.9175973097432684,535.7999877929688,598.4199829101562,1960.5,1983.300048828125,1,2,17.0198974609375,0.9151,positive,Financial Services,-2258.364791870117
2024-07-26,ITC.NS,HINDUNILVR.NS,0.023019682174962013,2.641691072056544,0.11055642082236718,167.68045570843987,13.17170156568002,short,2024-08-06,0.10167386796136507,0.9425831607918226,2711.050048828125,2750.050048828125,502.20001220703125,486.29998779296875,1,1,54.9000244140625,0.804,positive,Consumer Defensive,-2203.4647674560547
2024-07-29,IDFCFIRSTB.NS,BANDHANBNK.NS,0.018632482889563363,-3.612750737422298,0.20612323155248946,40.12574395892078,2.8814423047425284,long,2024-07-30,0.08843010101134352,-3.170965424426306,218.8699951171875,219.77000427246094,74.83000183105469,76.04000091552734,1,1,0.30998992919921875,0.9183,positive,Financial Services,-2203.1547775268555
2024-07-29,AXISBANK.NS,IEX.NS,0.008421748541369088,-3.136255057487197,5.064741229395363,338.4840693939809,36.904902179958356,long,2024-07-30,0.006918951915309646,-3.2384749230636944,187.0399932861328,188.86000061035156,1170.050048828125,1170.0,1,5,-2.07025146484375,0.7524,positive,Financial Services,-2205.225028991699
2024-07-30,UBL.NS,COLPAL.NS,0.03733979655813937,-2.597912732910637,0.46518185221245784,621.9091028946572,66.25207706484105,long,2024-08-05,0.10669000432962167,-3.1048897519820104,3366.550048828125,3368.14990234375,2015.8499755859375,1952.9000244140625,1,1,-64.5498046875,0.7543,positive,Consumer Defensive,-2269.774833679199
2024-07-31,AXISBANK.NS,IEX.NS,0.007632126156294363,-3.605198487869679,4.928713995780928,357.50679171866744,38.35074971202259,long,2024-08-01,0.008784253505931735,-3.04255433405104,192.11000061035156,190.42999267578125,1166.0999755859375,1172.300048828125,1,5,32.68037414550781,0.7524,positive,Financial Services,-2237.0944595336914
2024-08-01,RELIANCE.NS,ONGC.NS,0.04786121862504392,-2.539017922338988,2.6987388486556743,719.0610535919675,49.64715104326444,long,2024-08-12,0.25043568440283426,-3.250989100180085,341.75,341.29998779296875,1515.300048828125,1460.625,1,3,-163.57513427734375,0.7604,positive,Energy,-2400.669593811035
2024-08-01,NTPC.NS,TATAPOWER.NS,0.020824416464965082,3.0470977686198277,0.7207941847273232,54.56641543690791,11.206329555221224,short,2024-08-05,0.026633707455233822,3.8906857423760757,464.3999938964844,434.79998779296875,423.45001220703125,413.25,1,1,-19.399993896484375,0.9599,positive,Utilities,-2420.0695877075195
2024-08-02,AXISBANK.NS,IEX.NS,0.009257988740820336,-3.777351564142444,4.7776239887367575,378.72451898204565,39.98571308594226,long,2024-08-05,0.010070199602570287,-3.422658118822969,195.32000732421875,188.30999755859375,1160.8499755859375,1133.5,1,5,-129.7398681640625,0.7524,positive,Financial Services,-2549.809455871582
2024-08-05,SBIN.NS,ICICIGI.NS,0.04483203762867218,-2.512601205130864,0.5559256378823418,-164.74871373323174,40.45697004433382,long,2024-08-16,0.15647666856721293,-3.051218046472349,1939.199951171875,2036.699951171875,811.6500244140625,812.0999755859375,1,1,-97.050048828125,0.8606,positive,Financial Services,-2646.859504699707
2024-08-06,AXISBANK.NS,IEX.NS,0.013837671967501316,-3.6173675782451595,4.614280495011398,401.6821635289027,41.9863921383016,long,2024-08-07,0.019627191276585895,-4.026681900573,189.91000366210938,197.8699951171875,1126.0999755859375,1136.800048828125,1,5,45.540374755859375,0.7524,positive,Financial Services,-2601.3191299438477
2024-08-06,TATASTEEL.NS,JINDALSTEL.NS,0.016773164410513648,-2.5203140884772646,0.13653663814447528,34.18328196675554,4.050070371300493,long,2024-08-14,0.02942616985752573,-3.4598247219856413,925.3499755859375,929.75,150.32000732421875,146.1699981689453,1,1,-8.550033569335938,0.9054,positive,Basic Materials,-2609.8691635131836
2024-08-08,BOSCHLTD.NS,TRENT.NS,0.03228551987504691,-3.078893864729152,4.562536972037869,9693.545602376067,1172.275089614938,long,2024-08-09,0.09242173962368028,-5.247777436898318,5644.10009765625,6275.35009765625,31835.650390625,32018.69921875,1,5,283.994140625,0.9386,positive,Consumer Cyclical,-2325.8750228881836
2024-08-08,AXISBANK.NS,IEX.NS,0.03244432247242837,-3.3202676530949997,4.427964613079136,428.05536516501786,44.34817999601903,long,2024-09-24,0.4395168205326908,-0.2644607330223322,193.6199951171875,211.61000061035156,1138.1500244140625,1239.550048828125,1,4,387.61009216308594,0.7524,positive,Financial Services,-1938.2649307250977
2024-08-09,SUNPHARMA.NS,LUPIN.NS,0.03167506209185967,-3.37406007810181,0.7495425348721958,298.46601751519347,43.674868394121084,long,2024-08-12,0.09082907229452875,-3.0366946594415265,2113.550048828125,2097.60009765625,1735.300048828125,1733.8499755859375,1,1,14.4998779296875,0.9829,positive,Healthcare,-1923.7650527954102
2024-08-09,PIDILITIND.NS,TATASTEEL.NS,0.035082628419873425,2.904335238919047,11.958508732113994,1030.4704390087293,98.90672332140511,short,2024-09-04,0.2252686487278589,3.2766303805661408,151.80999755859375,151.17999267578125,3133.14990234375,3214.949951171875,1,12,-982.2305908203125,0.797,positive,Basic Materials,-2905.9956436157227
2024-08-09,VOLTAS.NS,TRENT.NS,0.040605560109999043,-2.8205099476493474,0.19702747349922095,408.023476631849,76.43648847609543,long,2024-08-20,0.05268308095245849,-0.8910183611293366,6275.35009765625,6793.89990234375,1428.8499755859375,1659.1500244140625,1,1,-288.249755859375,0.9604,positive,Consumer Cyclical,-3194.2453994750977
2024-08-09,APOLLOHOSP.NS,LUPIN.NS,0.02584460513408765,-2.6695386449315146,2.122302264224734,2730.0689342267806,235.17580161004327,long,2024-08-23,0.06371498472234281,-0.8412256394376854,2113.550048828125,2093.550048828125,6587.85009765625,6860.7001953125,1,2,565.7001953125,0.9371,positive,Healthcare,-2628.5452041625977
2024-08-12,GODREJCP.NS,COLPAL.NS,0.02285972523875807,-3.098338272054009,0.3885907241166567,206.7478617453036,51.19934644099074,long,2024-08-13,0.06618812202520674,-3.0283589934522013,3459.89990234375,3457.35009765625,1392.5999755859375,1388.5,1,1,-1.5501708984375,0.8579,positive,Consumer Defensive,-2630.095375061035
2024-08-13,METROPOLIS.NS,AUROPHARMA.NS,0.006741051936245418,-3.219197035077884,1.2699749350633538,331.9515742266677,72.60501363557606,long,2024-08-14,0.022078553708754393,-3.6874785992332573,1505.800048828125,1519.699951171875,2010.550048828125,1981.3499755859375,1,1,-43.0999755859375,0.8998,positive,Healthcare,-2673.1953506469727
2024-08-13,LAURUSLABS.NS,GLENMARK.NS,0.0102340868228973,-2.5852188835756995,0.1045994993516163,309.6038806760427,17.157993846629008,long,2024-08-28,0.022133513763546813,-0.8864503584360529,1478.050048828125,1707.449951171875,419.8500061035156,458.04998779296875,1,1,-191.19992065429688,0.7527,positive,Healthcare,-2864.3952713012695
2024-08-16,SBILIFE.NS,MFSL.NS,0.04353965715240482,2.7750654168304827,1.4045776149164055,87.23923466034725,62.288337396177795,short,2024-08-19,0.05300320711453731,3.0248941563735685,1017.25,991.5,1688.9000244140625,1671.550048828125,1,1,-8.4000244140625,0.7733,positive,Financial Services,-2872.795295715332
2024-08-20,NAUKRI.NS,BHARTIARTL.NS,0.003585150075431559,2.704006916468299,0.8544813706631855,92.18151923373323,55.878862408318945,short,2024-09-03,0.00894420998499019,0.7313068147733984,1449.1500244140625,1560.5999755859375,1481.550048828125,1489.0899658203125,1,1,103.9100341796875,0.8999,positive,Communication Services,-2768.8852615356445
2024-08-20,ICICIBANK.NS,ICICIGI.NS,0.024714110945370894,-2.516718434543811,0.4401951996446212,360.32455748520954,35.546101783109016,long,2024-09-10,0.06656046200935047,-0.9728283863281624,2064.050048828125,2161.10009765625,1179.449951171875,1237.300048828125,1,1,-39.199951171875,0.8348,positive,Financial Services,-2808.0852127075195
2024-08-21,TATASTEEL.NS,JINDALSTEL.NS,0.026095186987188393,-2.7655637839839255,0.13294362419338152,36.86474642207161,4.430040487934626,long,2024-09-11,0.15867749825624483,-3.2066803656282854,957.5999755859375,966.9000244140625,151.9199981689453,148.1699981689453,1,1,-13.050048828125,0.9054,positive,Basic Materials,-2821.1352615356445
2024-08-22,SBILIFE.NS,MFSL.NS,0.04433622437757168,3.132557666431562,1.5513369799499572,-52.72511264332617,66.04613491868558,short,2024-08-28,0.08090961313286227,3.161937029251873,1057.8499755859375,1070.199951171875,1795.25,1843.699951171875,1,2,-84.5499267578125,0.7733,positive,Financial Services,-2905.685188293457
2024-08-23,INDIGO.NS,CUMMINSIND.NS,0.011405448630138235,2.5987863868221517,0.8450081632252495,1073.3197622853481,156.82378779386164,short,2024-08-28,0.05366257286101265,3.7627425514001978,3821.949951171875,3737.050048828125,4710.4501953125,4859.85009765625,1,1,-234.2998046875,0.7948,positive,Industrials,-3139.984992980957
2024-08-27,BOSCHLTD.NS,INDHOTEL.NS,0.0047140418000851175,-2.53455601046504,62.542603294915025,-5872.017092909313,1356.3033852060767,long,2024-09-20,0.012394914329516993,-0.9890931136860843,665.2999877929688,702.75,32299.94921875,35686.75,1,63,213330.99920654297,0.7791,positive,Consumer Cyclical,210191.014213562
2024-08-28,INDIGO.NS,BEL.NS,0.0351028284796543,2.885958327735735,10.891718439104189,1057.586629257263,185.48167674136783,short,2024-09-09,0.13204608465801015,3.12082707390211,299.95001220703125,281.54998779296875,4859.85009765625,4808.5,1,11,546.4510498046875,0.9466,positive,Industrials,210737.4652633667
2024-08-29,BAJAJFINSV.NS,BAJFINANCE.NS,0.04898308055978896,2.9157245307283044,0.31515193610520426,1377.2051777231081,53.446649495296704,short,2024-08-30,0.07272987959659483,3.305961812128818,706.35498046875,720.0150146484375,1755.6500244140625,1783.050048828125,1,1,-13.739990234375,0.8068,positive,Financial Services,210723.72527313232
2024-08-29,BAJAJFINSV.NS,MFSL.NS,0.014666920540492066,2.544884128341557,0.3405774836351996,1270.9950378668832,51.54246769294203,short,2024-09-02,0.044450047000382624,3.5904727843568334,1037.9000244140625,1114.25,1755.6500244140625,1840.550048828125,1,1,-8.550048828125,0.7821,positive,Financial Services,210715.1752243042
2024-08-29,BAJAJFINSV.NS,ICICIBANK.NS,0.01858467941330386,2.7025947670720263,0.03668361671218748,1562.5759609119355,54.85482069016312,short,2024-08-30,0.02790564828700842,3.1478917294697215,1221.9000244140625,1229.199951171875,1755.6500244140625,1783.050048828125,1,1,-20.10009765625,0.762,positive,Financial Services,210695.07512664795
2024-08-30,BAJAJFINSV.NS,CHOLAFIN.NS,0.03331645260908136,2.9630128335635235,0.08464967283498626,1498.5769228362556,54.42334317734524,short,2024-09-02,0.0763169520555671,3.9095747614425043,1455.5999755859375,1486.300048828125,1783.050048828125,1840.550048828125,1,1,-26.7999267578125,0.8269,positive,Financial Services,210668.27519989014
2024-08-30,BAJAJFINSV.NS,MUTHOOTFIN.NS,0.023656519717993086,2.9272999692408117,0.048297845197934085,1529.2890369199558,54.25296203796469,short,2024-09-02,0.05693451391551264,3.921067162796324,1965.8499755859375,1965.0,1783.050048828125,1840.550048828125,1,1,-58.3499755859375,0.7577,positive,Financial Services,210609.9252243042
2024-09-04,COALINDIA.NS,HINDPETRO.NS,0.017435526098536273,-2.94702170514988,1.0404035952510169,106.03169798316995,22.214071436471926,long,2024-09-05,0.0538158321852827,-3.3131695643999874,445.1000061035156,448.5,503.6499938964844,497.0,1,1,-10.04998779296875,0.8553,positive,Energy,210599.87523651123
2024-09-04,MFSL.NS,MANAPPURAM.NS,0.005405084686823838,2.605382500104545,1.743050179686706,667.1706202394457,38.757394304751344,short,2024-09-23,0.043682389085636444,3.346174390842401,209.49000549316406,208.5399932861328,1133.300048828125,1195.949951171875,1,2,-126.24981689453125,0.7563,positive,Financial Services,210473.6254196167
2024-09-06,FEDERALBNK.NS,IEX.NS,0.03680859172635168,-2.5387047707751584,0.7862710170364327,39.71710125353539,7.791386582170155,long,2024-09-18,0.2591357203960917,-3.035346305167286,207.9600067138672,228.07000732421875,183.4499969482422,185.91000366210938,1,1,-17.649993896484375,0.8718,positive,Financial Services,210455.97542572021
2024-09-09,HAVELLS.NS,SIEMENS.NS,0.030897063303203093,2.619686732609113,0.14651308347713932,787.2098492816199,55.09084106203626,short,2024-09-10,0.05617334352542381,3.041830722764293,6558.25,6582.89990234375,1892.4000244140625,1922.449951171875,1,1,-5.4000244140625,0.8156,positive,Industrials,210450.57540130615
2024-09-09,PIDILITIND.NS,JINDALSTEL.NS,0.011895319174222754,2.7803537297058023,1.7622968062906128,1337.0306145158097,97.15995338744192,short,2024-09-17,0.006478114059164894,0.6445569054962764,945.7999877929688,1052.75,3273.949951171875,3269.10009765625,1,2,116.64971923828125,0.8993,positive,Basic Materials,210567.22512054443
2024-09-13,RBLBANK.NS,INDUSINDBK.NS,0.013000017879469895,-2.5283621615817227,0.22240149263681047,-80.6106945799587,12.172393979529845,long,2024-09-19,0.044595131515040944,-3.0865276552998693,1464.050048828125,1484.75,214.22000122070312,209.50999450683594,1,1,-25.409957885742188,0.7545,positive,Financial Services,210541.8151626587
2024-09-16,NTPC.NS,GAIL.NS,0.01288920491576233,2.572868928936235,1.42367513316001,71.90080973389469,11.30257324012703,short,2024-09-19,0.03268685873643485,4.376957486075336,217.8300018310547,210.9199981689453,411.1000061035156,423.95001220703125,1,1,-19.760009765625,0.9609,positive,Utilities,210522.05515289307
2024-09-16,NAUKRI.NS,INDUSTOWER.NS,0.0439950906980853,2.5310199102396367,2.145138938830901,514.1009611988013,58.09435109908596,short,2024-09-19,0.04804353285559148,3.78469744941768,428.70001220703125,389.79998779296875,1580.760009765625,1580.4200439453125,1,2,-38.2200927734375,0.8617,positive,Communication Services,210483.83506011963
2024-09-19,SAIL.NS,HINDCOPPER.NS,0.005669344339152781,-2.673175509806655,0.31936472468191246,40.12348373669488,6.392992894454206,long,2024-10-04,0.010080778498867167,-0.8522787632396183,324.1000061035156,330.3500061035156,126.54000091552734,139.00999450683594,1,1,6.219993591308594,0.941,positive,Basic Materials,210490.05505371094
2024-09-19,BHARTIARTL.NS,INDUSTOWER.NS,0.045120162659633485,3.961539768447179,2.248619374908321,565.8722436659984,56.15642907374961,short,2024-09-20,0.2585347844071907,4.714014788357774,389.79998779296875,388.25,1664.8499755859375,1711.75,1,2,-95.35003662109375,0.8948,positive,Communication Services,210394.70501708984
2024-09-20,POWERGRID.NS,GAIL.NS,0.017140834209552498,2.514250953712896,1.3019372680707841,40.181060044033174,9.724538619202669,short,2024-09-27,0.060193599965005104,0.45485721809605484,212.16000366210938,236.97999572753906,340.8500061035156,354.25,1,1,11.419998168945312,0.9657,positive,Utilities,210406.1250152588
2024-09-20,ICICIBANK.NS,MANAPPURAM.NS,0.04113781547149276,3.5339892958209678,3.8862898096942677,381.0820992358332,44.93874348512758,short,2024-09-25,0.17803115760354232,3.263988689084073,205.47999572753906,201.9199981689453,1338.449951171875,1323.8499755859375,1,4,54.83990478515625,0.8041,positive,Financial Services,210460.96492004395
2024-09-23,KOTAKBANK.NS,BAJFINANCE.NS,0.02626011857683567,2.5312018330042796,0.45379730309651656,1446.2275907853245,56.814420882989964,short,2024-09-30,0.021191989440205814,0.9104900219122231,759.510009765625,770.2999877929688,1934.699951171875,1853.949951171875,1,1,91.53997802734375,0.8779,positive,Financial Services,210552.5048980713
2024-09-24,ESCORTS.NS,POLYCAB.NS,0.04371878699161257,2.7189386329695897,0.5021542542978569,528.5208931281895,175.64259053767879,short,2024-10-01,0.028558389945848323,-0.1293144703142288,6657.75,7326.5498046875,4349.2998046875,4209.2001953125,1,1,808.8994140625,0.8387,positive,Industrials,211361.4043121338
2024-09-26,NESTLEIND.NS,TATACONSUM.NS,0.012868364303807433,2.7135508775211847,0.6114227710633422,1832.6549287575265,66.6706274236334,short,2024-10-07,0.004656500680863468,0.825870047612703,1213.449951171875,1111.4000244140625,2755.5,2573.85009765625,1,1,79.5999755859375,0.7876,positive,Consumer Defensive,211441.00428771973
2024-09-30,JSWSTEEL.NS,VEDL.NS,0.02379508979187245,2.5913019732673788,0.6072837624384952,649.4549705373202,26.73213827067116,short,2024-10-22,0.16220158742869867,0.8840690981770705,512.6500244140625,460.75,1030.050048828125,963.6500244140625,1,1,14.5,0.9131,positive,Basic Materials,211455.50428771973
2024-10-03,JSWSTEEL.NS,HINDALCO.NS,0.012898723309446197,2.8479999585718865,0.779562904429849,394.7292249339944,21.755380858842997,short,2024-10-16,0.02112696000599651,0.7312292048695043,747.0999755859375,733.0999755859375,1039.0999755859375,989.3499755859375,1,1,35.75,0.847,positive,Basic Materials,211491.25428771973
2024-10-03,PETRONET.NS,ONGC.NS,0.04210187546249329,2.5671591350013365,1.0987640583031157,0.2336692163947216,16.875585383543516,short,2025-01-07,0.45553130466450986,0.9879876690724859,292.04998779296875,263.489990234375,364.45001220703125,330.45001220703125,1,1,5.44000244140625,0.8983,positive,Energy,211496.69429016113
2024-10-04,PIDILITIND.NS,JSWSTEEL.NS,0.034014977941099984,-2.7164625048703352,3.8214877485678054,-428.79524419870717,115.17466797137729,long,2024-10-17,0.06371985429012851,-0.9578283892521233,1033.75,979.5,3208.800048828125,3154.449951171875,1,4,-163.150390625,0.7601,positive,Basic Materials,211333.54389953613
2024-10-09,VOLTAS.NS,TRENT.NS,0.043470848730983315,-2.895855192329703,0.19738016863460356,391.08861050624125,78.46431455766097,long,2024-10-16,0.03601477356320348,-0.3674901429866608,8220.849609375,7805.7998046875,1786.5,1881.300048828125,1,1,509.849853515625,0.9604,positive,Consumer Cyclical,211843.39375305176
2024-10-09,PAGEIND.NS,JUBLFOOD.NS,0.00017279385677977137,2.9583925330128733,33.11693878572909,20274.39032715436,954.5149234234823,short,2024-10-10,0.0006000347270407321,3.3000563148273283,629.2000122070312,623.7999877929688,43935.3984375,44165.05078125,1,33,-7583.9273681640625,0.9021,positive,Consumer Cyclical,204259.4663848877
2024-10-11,PAGEIND.NS,JUBLFOOD.NS,0.0011459645142970765,4.220433033408463,33.56103628793248,20055.868790004053,990.6316849974307,short,2024-10-14,0.006469052413840974,4.6959321998381,629.7000122070312,618.3499755859375,45370.1484375,45648.5,1,34,-9475.303161621094,0.9021,positive,Consumer Cyclical,194784.1632232666
2024-10-15,PAGEIND.NS,JUBLFOOD.NS,0.021577273183589856,4.781152352438502,34.19813760164732,19739.61407391112,1064.4992218175923,short,2024-10-16,0.0450942363083867,4.990627072486638,626.5999755859375,622.0999755859375,46257.69921875,46593.1484375,1,34,-11409.7734375,0.9021,positive,Consumer Cyclical,183374.3897857666
2024-10-15,RELIANCE.NS,IOC.NS,0.008633947939448864,-2.9764901056794724,4.11517621811416,770.8594036128134,39.609031839633026,long,2024-10-25,0.008490058480285894,-0.9845471789993527,167.92999267578125,146.30999755859375,1344.0250244140625,1327.8499755859375,1,4,-43.0802001953125,0.8597,positive,Energy,183331.3095855713
2024-10-17,BAJAJ-AUTO.NS,VOLTAS.NS,0.02422042799303497,-2.6409313916804598,5.529933798055804,1489.139320546195,573.6254795982303,long,2024-11-01,0.040464489077479814,-0.9920652848872754,1834.5999755859375,1642.8499755859375,10119.4501953125,9875.9501953125,1,6,-1269.25,0.9022,positive,Consumer Cyclical,182062.0595855713
2024-10-18,PAGEIND.NS,JUBLFOOD.NS,0.04418489617069318,3.6246974924781514,35.23758652215511,19223.045280445018,1192.9579198488382,short,2024-11-07,0.0559766080125885,3.236210408529765,625.0,596.3499755859375,45570.6484375,45064.1015625,1,35,17700.490600585938,0.9021,positive,Consumer Cyclical,199762.55018615723
2024-10-22,INDUSINDBK.NS,MUTHOOTFIN.NS,0.04483368930226792,-2.5929740598191406,-0.1418163320535692,1703.4850425103598,61.00908103458325,long,2024-10-25,0.03710610356403246,-6.149413516230274,1910.5,1923.550048828125,1274.3499755859375,1041.5999755859375,1,1,-245.800048828125,-0.7933,negative,Financial Services,199516.7501373291
2024-10-23,IDFCFIRSTB.NS,FEDERALBNK.NS,0.006060292078010726,-2.5048777685801107,-0.20272069648593322,113.85445534231046,3.599777815937085,long,2024-10-30,0.0036076053203665183,-0.9509906536811363,188.72000122070312,203.24000549316406,66.58000183105469,68.79000091552734,1,1,-12.310005187988281,-0.7719,negative,Financial Services,199504.4401321411
2024-10-24,NESTLEIND.NS,TATACONSUM.NS,0.01190289351214454,-3.109473398167092,0.48462063307429687,1980.7050182435135,65.91320310482108,long,2024-12-13,0.05016388281102687,-0.7735567929333784,996.4500122070312,929.7000122070312,2258.64990234375,2253.5,1,1,61.60009765625,0.7876,positive,Consumer Defensive,199566.04022979736
2024-10-25,IDFCFIRSTB.NS,ICICIBANK.NS,0.0031117586646593268,-2.6195900483946977,-0.03916222663109778,123.18900721912881,3.2534830068384273,long,2024-10-30,0.0017526943759232202,-0.869687194388043,1255.449951171875,1312.1500244140625,65.5,68.79000091552734,1,1,-53.410072326660156,-0.8111,negative,Financial Services,199512.6301574707
2024-10-25,IDFCFIRSTB.NS,MUTHOOTFIN.NS,0.02176306843060189,-2.6728731074499437,-0.017199482485786774,107.89036410383191,3.4817585251388765,long,2024-11-13,0.26015837012101184,-3.3664583478895937,1923.550048828125,1770.300048828125,65.5,63.619998931884766,1,1,151.36999893188477,-0.8514,negative,Financial Services,199664.0001564026
2024-10-25,IDFCFIRSTB.NS,SHRIRAMFIN.NS,0.0020034406188076887,-3.0120806482966143,-0.04606213425575825,103.58256536179073,3.184427387933421,long,2024-11-13,0.07284834213571759,-3.652645791168552,618.530029296875,570.77001953125,65.5,63.619998931884766,1,1,45.880008697509766,-0.7714,negative,Financial Services,199709.8801651001
2024-10-28,ICICIBANK.NS,ICICIGI.NS,0.047311144906806844,2.8651710557675125,0.39341857454270257,429.48506727235645,40.98997536088001,short,2024-10-29,0.1168862661628054,3.576545556812465,1896.0,1913.300048828125,1292.8499755859375,1331.8499755859375,1,1,-21.699951171875,0.8348,positive,Financial Services,199688.18021392822
2024-10-28,ICICIGI.NS,SHRIRAMFIN.NS,0.0036710716623936097,-2.6360645350599325,2.6426215883880166,359.523578706124,70.61391939641082,long,2024-11-07,0.006911883977183256,-0.7665427441404626,651.8599853515625,614.030029296875,1896.0,1916.5,1,3,99.3299560546875,0.9151,positive,Financial Services,199787.5101699829
2024-10-28,SBICARD.NS,BAJFINANCE.NS,9.594083337695618e-05,-3.2538602929354328,0.5981195712729104,312.4237050908617,17.903378690562356,long,2024-11-14,0.00042858848849316116,-0.9472432675115813,691.135009765625,654.9149780273438,667.5499877929688,683.3499755859375,1,1,52.02001953125,0.8728,positive,Financial Services,199839.53018951416
2024-10-28,CHOLAFIN.NS,MUTHOOTFIN.NS,0.015854400317889653,-2.536943364141462,0.5660355383205498,362.60914994323787,67.99529439068144,long,2024-12-19,0.6824323510142087,-3.187441038828267,1926.0999755859375,2136.85009765625,1280.3499755859375,1213.75,1,1,-277.35009765625,0.7938,positive,Financial Services,199562.1800918579
2024-10-28,BANKBARODA.NS,PNB.NS,0.038531450062620154,2.634133712906922,1.2989769529816906,101.90868643709717,7.5471589711472165,short,2024-11-18,0.06855104886540515,0.8954147051468098,98.63999938964844,100.52999877929688,249.9199981689453,241.39999389648438,1,1,10.410003662109375,0.9284,positive,Financial Services,199572.59009552002
2024-10-29,CUB.NS,IEX.NS,0.04197911476039372,2.5863952071533687,0.37739206452513946,90.07614005465058,7.3286556535461695,short,2024-11-07,0.17260524599947435,3.0460968617417903,179.88999938964844,174.00999450683594,176.9199981689453,180.9199981689453,1,1,-9.8800048828125,0.8344,positive,Financial Services,199562.7100906372
2024-10-29,TORNTPHARM.NS,LUPIN.NS,0.026338135356876614,-2.9063510526268375,1.3850490967849598,423.2172155735145,90.55796704438777,long,2024-11-14,0.018641951408578366,-0.904154424266811,2206.14990234375,2015.8499755859375,3215.64990234375,3102.39990234375,1,1,77.0499267578125,0.9783,positive,Healthcare,199639.76001739502
2024-11-04,HAVELLS.NS,SIEMENS.NS,0.028584259957997824,-2.596800660193721,0.15955380510066303,714.9234891718727,75.53933731637485,long,2024-12-24,0.35641370965398356,-0.7031189395764421,6954.0,6654.89990234375,1628.300048828125,1674.1500244140625,1,1,344.9500732421875,0.8156,positive,Industrials,199984.7100906372
2024-11-04,PETRONET.NS,COALINDIA.NS,0.0034949253947892936,2.5077846040909844,0.8516297573582234,-86.15443461028238,16.658913766990196,short,2024-11-05,0.003482828348496377,3.0286083192933018,443.29998779296875,434.8999938964844,333.1499938964844,334.6000061035156,1,1,-9.850006103515625,0.8338,positive,Energy,199974.8600845337
2024-11-06,AUROPHARMA.NS,GLENMARK.NS,0.019806356512391217,-2.859881203895948,0.5513312062367155,568.4356762021141,52.05216593100189,long,2024-11-11,0.03895772230361931,-3.3166507623239165,1768.949951171875,1634.199951171875,1394.8499755859375,1289.050048828125,1,1,28.9500732421875,0.8423,positive,Healthcare,200003.81015777588
2024-11-06,PETRONET.NS,COALINDIA.NS,0.009607542527238284,3.5781023909671417,0.8641914186219826,-91.73112046721724,16.703408160798524,short,2024-11-07,0.057242842466445586,3.6739706375221655,435.79998779296875,435.3500061035156,344.6499938964844,346.70001220703125,1,1,-2.5,0.8338,positive,Energy,200001.31015777588
2024-11-07,APOLLOHOSP.NS,TORNTPHARM.NS,0.0179052333512265,3.20864193713094,1.0918210341765027,3226.773671144765,232.0923164272972,short,2024-11-13,0.034421711630273646,0.9273213780501579,3162.949951171875,3116.60009765625,7424.85009765625,6858.85009765625,1,1,519.650146484375,0.949,positive,Healthcare,200520.96030426025
2024-11-07,APOLLOHOSP.NS,SUNPHARMA.NS,0.012373233229971317,3.261029154734768,2.321278387795968,2656.7791265198557,187.29595071852503,short,2024-11-12,0.001932789105910769,0.9225779608009543,1790.949951171875,1800.8499755859375,7424.85009765625,7019.5498046875,1,2,820.5006103515625,0.9535,positive,Healthcare,201341.46091461182
2024-11-07,CUB.NS,MUTHOOTFIN.NS,0.04340362705864479,2.7497924046466413,0.0432046515490456,82.08314342797574,7.2871144869639,short,2024-11-18,0.05210241831704982,0.929593412074731,1823.8499755859375,1885.6500244140625,180.9199981689453,171.24000549316406,1,1,71.48004150390625,0.8471,positive,Financial Services,201412.94095611572
2024-11-07,JSWSTEEL.NS,HINDALCO.NS,0.03408300738701791,3.5855723918680753,0.8432872396420126,358.1564251154789,23.73655136529742,short,2024-11-08,0.0975392224659512,3.672378492589499,648.0999755859375,650.4500122070312,989.7999877929688,996.4000244140625,1,1,-4.25,0.847,positive,Basic Materials,201408.69095611572
2024-11-08,BOSCHLTD.NS,INDHOTEL.NS,0.0076462764695563,-2.5911911032223314,57.62722056779027,-3237.45849042796,1496.6609094548648,long,2024-11-12,0.022925544285367788,-3.5571216354996578,732.9000244140625,730.4000244140625,35119.3984375,33278.5,1,58,-106769.609375,0.7791,positive,Consumer Cyclical,94639.08158111572
2024-11-11,PETRONET.NS,COALINDIA.NS,0.04957326308698757,3.0827040731143813,0.8738985964608195,-95.69729305769471,17.59992568458319,short,2024-11-12,0.056097576214424245,3.1602118779536923,421.54998779296875,414.04998779296875,326.95001220703125,322.70001220703125,1,1,-3.25,0.8338,positive,Energy,94635.83158111572
2024-11-11,METROPOLIS.NS,AUROPHARMA.NS,0.012947398029850617,2.5312677371967367,1.075118071174856,556.9050421788979,83.75803214719406,short,2024-11-26,0.06096990279724386,3.061714905356697,1289.050048828125,1227.449951171875,2154.800048828125,2157.949951171875,1,1,-64.75,0.8998,positive,Healthcare,94571.08158111572
2024-11-12,POWERGRID.NS,GAIL.NS,0.013359231275061497,2.66618801874777,1.2991196108169045,41.92334376339927,10.709148691672963,short,2024-11-21,0.03957191101293292,3.4019433942155546,194.14999389648438,188.3000030517578,322.70001220703125,325.8999938964844,1,1,-9.049972534179688,0.9657,positive,Utilities,94562.03160858154
2024-11-13,IDFCFIRSTB.NS,ICICIBANK.NS,0.0035498654932517026,-2.819961597703132,-0.0437806350705098,128.06535150750705,3.389256269743227,long,2024-12-04,0.012315512609766517,-0.7321939830212052,1253.699951171875,1316.050048828125,63.619998931884766,66.20999908447266,1,1,-59.76009750366211,-0.8111,negative,Financial Services,94502.27151107788
2024-11-13,AUROPHARMA.NS,GLENMARK.NS,0.0449440533438569,-2.9892598400501593,0.529725267472145,593.5174281166534,53.36657740046691,long,2025-01-01,0.23300108456003443,-0.8218263030833801,1539.4000244140625,1614.5,1249.449951171875,1353.25,1,1,28.7000732421875,0.8423,positive,Healthcare,94530.97158432007
2024-11-14,BOSCHLTD.NS,INDHOTEL.NS,0.048187020711394926,-3.34181181001711,56.35287845675617,-2579.9755393987443,1596.4776802280298,long,2024-11-18,0.09501466901687144,-3.1118238547374104,741.3499755859375,737.2000122070312,33862.1015625,33794.30078125,1,56,-3792.6937866210938,0.7791,positive,Consumer Cyclical,90738.27779769897
2024-11-21,ADANIPORTS.NS,CUMMINSIND.NS,0.04022240117916475,-2.8483175552667617,0.226915826002563,602.7571479476985,81.76812764429837,long,2024-11-26,0.13221053688505208,-3.1074074976282406,3282.25,3463.199951171875,1114.6500244140625,1128.8499755859375,1,1,-166.75,0.9017,positive,Industrials,90571.52779769897
2024-11-22,LAURUSLABS.NS,GLENMARK.NS,0.0027345845725388986,2.9535059785526117,0.08539423262297115,329.9806042816467,19.092434963781326,short,2024-11-25,0.010848876020232861,3.8486614618940087,1478.199951171875,1490.4000244140625,512.5999755859375,532.0499877929688,1,1,-7.24993896484375,0.7527,positive,Healthcare,90564.27785873413
2024-11-22,JSWSTEEL.NS,HINDALCO.NS,0.03403199652712457,2.565389589108496,0.8361061208697926,365.26740011760637,26.061458558082144,short,2024-12-19,0.12435122597423276,0.9420349080266118,652.0999755859375,629.3499755859375,977.3499755859375,925.9500122070312,1,1,28.64996337890625,0.847,positive,Basic Materials,90592.92782211304
2024-11-22,LAURUSLABS.NS,TORNTPHARM.NS,0.012530729071162311,2.6264426948913906,0.06356751518282891,254.31499969384254,21.687239725269457,short,2024-11-25,0.03278478755626508,3.1753395377617393,3167.10009765625,3266.60009765625,512.5999755859375,532.0499877929688,1,1,80.04998779296875,0.761,positive,Healthcare,90672.977809906
2024-11-25,LT.NS,ADANIPORTS.NS,0.001896424141419208,2.826823288077668,0.6537794217591544,2677.9487847852206,110.44954783703348,short,2024-12-09,0.003710434157635094,3.5476218555657844,1166.800048828125,1266.8499755859375,3753.0,3947.300048828125,1,1,-94.2501220703125,0.8638,positive,Industrials,90578.7276878357
2024-11-25,LAURUSLABS.NS,LUPIN.NS,0.028118014974733124,3.15148191587648,0.08784077129656528,281.4608284113357,20.782440918452938,short,2024-11-26,0.05680926770422595,4.0349465370801525,2107.14990234375,2036.0,532.0499877929688,546.25,1,1,-85.34991455078125,0.7616,positive,Healthcare,90493.37777328491
2024-11-25,DRREDDY.NS,GRANULES.NS,0.01847456736759437,-2.605565531843862,0.774303385371143,870.2901791753926,40.77935532782638,long,2024-11-28,0.08471384557852346,-3.022665983296595,575.0499877929688,583.6500244140625,1209.300048828125,1191.949951171875,1,1,-25.95013427734375,0.8192,positive,Healthcare,90467.42763900757
2024-11-26,LAURUSLABS.NS,GLENMARK.NS,0.028808288357047764,4.304327002870793,0.08590111735424373,330.0698509302691,19.860456282362364,short,2024-11-27,0.04750809746215251,3.992176697741307,1521.449951171875,1522.5999755859375,546.25,543.3499755859375,1,1,4.050048828125,0.7527,positive,Healthcare,90471.4776878357
2024-11-26,LAURUSLABS.NS,DIVISLAB.NS,0.01750242698921124,2.6543363123764583,0.03597287900193932,275.18238551953607,19.8250336612673,short,2024-11-28,0.0200448574999158,3.012758872376614,6072.5,5951.7998046875,546.25,551.7000122070312,1,1,-126.15020751953125,0.9109,positive,Healthcare,90345.32748031616
2024-11-26,NAUKRI.NS,BHARTIARTL.NS,0.017089739216896986,2.600421207838544,0.9620165165936154,-27.654646916242854,61.460853112112865,short,2024-12-17,0.06380113686998869,3.0414093828002207,1577.25,1615.300048828125,1649.510009765625,1770.77001953125,1,1,-83.2099609375,0.8999,positive,Communication Services,90262.11751937866
2024-11-27,BIOCON.NS,AUROPHARMA.NS,0.04062217004564052,2.5482612931534794,0.20786469396579665,51.43992276260367,20.76254880276787,short,2024-12-06,0.12322645959185596,3.007275933627475,1223.4000244140625,1246.199951171875,358.6499938964844,380.04998779296875,1,1,1.399932861328125,0.7661,positive,Healthcare,90263.51745223999
2024-11-28,LAURUSLABS.NS,GLENMARK.NS,0.042898457912790046,4.3631220298381335,0.08692124426936255,329.68036484281174,21.099420608274084,short,2024-11-29,0.1142385812542106,4.7680280339752334,1495.1500244140625,1528.6500244140625,551.7000122070312,567.1500244140625,1,1,18.04998779296875,0.7527,positive,Healthcare,90281.56744003296
2024-11-28,ESCORTS.NS,POLYCAB.NS,0.04778071847193102,-2.689746816729017,0.48195211583978215,609.0494947105586,201.2351327570632,long,2024-12-03,0.07624933657422661,-3.055797493111938,7149.2001953125,7412.5,3513.35009765625,3517.050048828125,1,1,-259.599853515625,0.8387,positive,Industrials,90021.96758651733
2024-11-29,LAURUSLABS.NS,DIVISLAB.NS,0.024045953665620665,3.289631917972975,0.03699335476242946,271.68800038633293,20.401411931147234,short,2024-12-02,0.031051248712177112,3.502154732952573,6172.7001953125,6255.35009765625,567.1500244140625,576.7999877929688,1,1,72.99993896484375,0.9109,positive,Healthcare,90094.96752548218
2024-12-03,LAURUSLABS.NS,DIVISLAB.NS,0.04720734803635971,3.637644000245664,0.038057600189941504,267.7882977794461,21.044690738263302,short,2024-12-04,0.127378144199717,3.5424121806017568,6210.5498046875,6256.5,580.7000122070312,583.4500122070312,1,1,43.2001953125,0.9109,positive,Healthcare,90138.16772079468
2024-12-06,LT.NS,BHEL.NS,0.0006411985449447863,2.648970418586725,1.6952810905384241,3127.399757921103,119.70327424334312,short,2024-12-09,0.0008986980505636672,3.298534341425035,249.0500030517578,249.5500030517578,3866.699951171875,3947.300048828125,1,2,-160.7001953125,0.8722,positive,Industrials,89977.46752548218
2024-12-09,LT.NS,CUMMINSIND.NS,0.00024032868377914644,2.937953575439653,0.09316186084322338,3265.832897211997,120.67863144600982,short,2024-12-20,0.001105351041659415,0.33020491698792914,3509.14990234375,3312.89990234375,3947.300048828125,3629.85009765625,1,1,121.199951171875,0.7729,positive,Industrials,90098.66747665405
2024-12-10,LT.NS,BHEL.NS,0.0022596349335725083,3.063212102476949,1.5258375940690188,3176.271995001516,119.98995167409177,short,2024-12-20,0.0026280925595915786,0.5749201558928224,248.60000610351562,235.3000030517578,3923.14990234375,3629.85009765625,1,2,573.2996063232422,0.8722,positive,Industrials,90671.9670829773
2024-12-10,LT.NS,ADANIPORTS.NS,0.00995204263791052,3.3212277969595045,0.44224742722769583,2978.4022880844614,118.17651889702312,short,2024-12-11,0.012899752070921172,3.2346376256204503,1248.75,1233.800048828125,3923.14990234375,3916.75,1,1,-8.550048828125,0.8638,positive,Industrials,90663.41703414917
2024-12-12,LT.NS,ADANIPORTS.NS,0.020053385048002616,2.6445019311660825,0.3868137754386721,3057.0283213071907,121.63925486301683,short,2024-12-20,0.004447953802204515,0.7297768154304386,1244.0,1182.449951171875,3859.89990234375,3629.85009765625,1,1,168.499755859375,0.8638,positive,Industrials,90831.91679000854
2024-12-16,HINDALCO.NS,VEDL.NS,0.03371713014179614,-2.530264734309644,0.6762713447818957,369.9385983152562,25.163425662713358,long,2025-01-06,0.09456341477572261,-3.0726719565792977,513.4500122070312,442.29998779296875,653.5,574.0999755859375,1,1,-8.25,0.8913,positive,Basic Materials,90823.66679000854
2024-12-19,CHOLAFIN.NS,IEX.NS,0.01111517629130985,-2.6132498969864035,5.38083421231833,387.0962407974365,64.4499680131183,long,2025-01-03,0.021817518477296002,-0.1686173692821937,184.92999267578125,177.02000427246094,1213.75,1320.25,1,5,540.4099884033203,0.8549,positive,Financial Services,91364.07677841187
2024-12-20,IDFCFIRSTB.NS,FEDERALBNK.NS,0.008590256787232091,-2.7307407983480556,-0.24709205284763613,120.23356308002718,3.84659009947455,long,2025-01-03,0.005034777663751465,-0.9816060067319158,194.4600067138672,205.25,61.68000030517578,65.08000183105469,1,1,-7.389991760253906,-0.7719,negative,Financial Services,91356.68678665161
2024-12-30,POLYCAB.NS,SIEMENS.NS,0.016280475638055944,2.9344105917240757,0.7078009795325343,1691.1855775263816,353.99131829242697,short,2025-01-23,0.07555036022930402,0.8902936000363658,6433.60009765625,6067.85009765625,7283.64990234375,6250.89990234375,1,1,667.0,0.7552,positive,Industrials,92023.68678665161
2024-12-30,SBICARD.NS,BAJFINANCE.NS,0.002661874249839578,-2.5252772607926013,0.6214834172369915,292.1302673533878,20.086344816729373,long,2025-01-06,0.001873949401939033,-0.7903057275159303,688.8250122070312,734.9349975585938,669.5,730.5,1,1,14.8900146484375,0.8728,positive,Financial Services,92038.57680130005
2024-12-31,TORNTPHARM.NS,LUPIN.NS,0.006923989899326767,-2.7025333771272186,1.2592642108353016,649.3299825604158,94.62550060393285,long,2025-01-14,0.011023173289580615,-0.8715505429444743,2355.699951171875,2154.60009765625,3360.050048828125,3252.39990234375,1,1,93.44970703125,0.9783,positive,Healthcare,92132.0265083313
2025-01-07,ONGC.NS,COALINDIA.NS,0.03415724607897868,2.763666099068225,0.6028240435103959,-0.38322271489016657,12.635625046919499,short,2025-01-08,0.06078439638514673,3.256940356269087,379.79998779296875,380.3500061035156,263.489990234375,271.3299865722656,1,1,-7.28997802734375,0.9558,positive,Energy,92124.73653030396
2025-01-10,HINDALCO.NS,VEDL.NS,0.04181496319418437,-2.7285575173204584,0.6606359114326507,369.8895115737175,29.661571708257064,long,2025-02-14,0.09645916508579355,-0.804083382919703,432.1499938964844,413.3500061035156,574.4500122070312,606.2000122070312,1,1,50.54998779296875,0.8913,positive,Basic Materials,92175.28651809692
2025-01-10,ONGC.NS,COALINDIA.NS,0.044518582212869945,2.9094461543743915,0.5727389580940703,14.075824635071928,13.023048480882567,short,2025-01-27,0.07361601375994692,0.9495330748317935,368.5,375.75,263.0199890136719,250.77999877929688,1,1,19.489990234375,0.9558,positive,Energy,92194.7765083313
2025-01-10,IDFCFIRSTB.NS,FEDERALBNK.NS,0.020965673334409147,-3.10661527913182,-0.24832196259866207,119.63305242508554,3.954583135838569,long,2025-01-13,0.08772399283511301,-3.3879453039396883,189.10000610351562,187.72000122070312,60.38999938964844,59.33000183105469,1,1,0.32000732421875,-0.7719,negative,Financial Services,92195.09651565552
2025-01-13,MPHASIS.NS,INFY.NS,1.9724575811680993e-07,-3.433637580477444,1.418163336390351,281.52272999530453,83.50990828051319,long,2025-01-15,3.5034349527275386e-06,-3.0670565557102925,1962.199951171875,1949.6500244140625,2777.5,2779.75,1,1,14.7999267578125,0.9104,positive,Technology,92209.89644241333
2025-01-14,METROPOLIS.NS,GLENMARK.NS,0.03749129162771917,-2.6674539906389914,0.6104090774799273,1146.8333241502005,75.0276807866135,long,2025-01-27,0.08096085003099912,-3.0322163014501164,1515.949951171875,1400.4000244140625,1872.050048828125,1750.949951171875,1,1,-5.5501708984375,0.7573,positive,Healthcare,92204.34627151489
2025-01-17,ICICIGI.NS,SHRIRAMFIN.NS,0.004407190645081204,2.621344426838079,2.479300390384516,438.8809146251552,78.0200525133168,short,2025-01-23,0.0012736521977886092,0.9479410917146894,526.5,529.7999877929688,1948.75,1834.0999755859375,1,2,232.60003662109375,0.9151,positive,Financial Services,92436.94630813599
2025-01-20,KOTAKBANK.NS,HDFCBANK.NS,0.003414694950353632,2.6109099966383695,0.18642769975732093,1469.3167175072767,54.902138891423974,short,2025-03-21,0.2170032652590691,3.0710980331665234,1651.25,1770.3499755859375,1920.5,2079.0,1,1,-39.4000244140625,0.7653,positive,Financial Services,92397.54628372192
2025-01-21,ICICIBANK.NS,MUTHOOTFIN.NS,0.02659829697594835,-2.7904049144422416,0.353840281550463,552.8885057570299,44.01526085174079,long,2025-03-11,0.3980277699298022,-0.8110378381733737,2165.050048828125,2184.60009765625,1196.1500244140625,1245.4000244140625,1,1,29.699951171875,0.9317,positive,Financial Services,92427.2462348938
2025-01-22,TECHM.NS,OFSS.NS,0.01584020755526386,2.7300483016169923,0.08625461154316409,642.0597859301179,78.54528024733649,short,2025-01-24,0.022432351996546723,3.057189255095577,9593.2001953125,9805.650390625,1683.949951171875,1723.050048828125,1,1,173.35009765625,0.8735,positive,Technology,92600.59633255005
2025-01-22,WIPRO.NS,HCLTECH.NS,0.034591219573803254,2.680781205712082,0.11294224686197551,73.98002949146213,10.704132614790081,short,2025-01-23,0.10162750039689006,3.644838030894607,1827.699951171875,1807.0,309.1000061035156,317.70001220703125,1,1,-29.299957275390625,0.8914,positive,Technology,92571.29637527466
2025-01-22,WIPRO.NS,PERSISTENT.NS,0.00038152691471755927,3.248339065429192,0.02370966479061144,147.86067224659718,8.15609275506819,short,2025-02-24,0.25908957454075654,0.9516875514223035,5683.14990234375,5639.7998046875,309.1000061035156,295.04998779296875,1,1,-29.300079345703125,0.9157,positive,Technology,92541.99629592896
2025-01-27,TORNTPHARM.NS,GLENMARK.NS,0.008715399181357759,2.5958792003253306,1.0856871142740219,1562.7778225417715,98.06924609240303,short,2025-02-01,0.010529968462332518,0.7811739590368657,1400.4000244140625,1436.9000244140625,3337.75,3207.699951171875,1,1,166.550048828125,0.9509,positive,Healthcare,92708.54634475708
2025-01-27,IDFCFIRSTB.NS,RBLBANK.NS,6.868865661019817e-06,-3.385746487741165,0.1716455662552021,36.52909658189652,1.6344742735965945,long,2025-01-31,2.872488335301547e-05,-0.8111781368229087,149.92999267578125,164.77000427246094,56.72999954223633,63.2400016784668,1,1,-8.330009460449219,0.7998,positive,Financial Services,92700.21633529663
2025-01-27,TECHM.NS,OFSS.NS,0.039097772744713016,2.777119268207265,0.09074420364341669,597.3231394459415,76.60691340250759,short,2025-01-30,0.1470212699456105,3.3690544527384363,9299.0,8994.599609375,1653.9000244140625,1670.0999755859375,1,1,-320.600341796875,0.8735,positive,Technology,92379.61599349976
2025-01-30,VOLTAS.NS,TRENT.NS,0.0032003691314342517,-2.616599870693384,0.17944005759725262,485.5083284105814,78.39882679691517,long,2025-01-31,0.01727067262335277,-3.22878289657042,5511.2001953125,5753.2001953125,1269.300048828125,1260.8499755859375,1,1,-250.4500732421875,0.9604,positive,Consumer Cyclical,92129.16592025757
2025-01-31,BANKBARODA.NS,PNB.NS,0.03822029665604597,-2.8411464142842804,1.0791995918358985,129.50238735366682,8.914494246765452,long,2025-03-13,0.2527141236241892,-0.820915138528561,101.19999694824219,87.19999694824219,213.38999938964844,205.52000427246094,1,1,6.1300048828125,0.9284,positive,Financial Services,92135.29592514038
2025-02-01,VOLTAS.NS,TRENT.NS,0.01521425024752476,-3.3395762924604355,0.17907478499482923,486.06045738240005,80.99646908702124,long,2025-02-06,0.004897720955858732,-0.9180220624342511,6189.5,5277.10009765625,1323.949951171875,1351.699951171875,1,1,940.14990234375,0.9604,positive,Consumer Cyclical,93075.44582748413
2025-02-01,HAVELLS.NS,CUMMINSIND.NS,0.023309084294483244,2.5856349201086384,0.3852683476427422,406.2577775847584,66.5883849057177,short,2025-02-03,0.056396341546466555,3.1518972454506677,2797.449951171875,2700.699951171875,1656.199951171875,1660.1500244140625,1,1,-100.7000732421875,0.9198,positive,Industrials,92974.74575424194
2025-02-04,LALPATHLAB.NS,METROPOLIS.NS,0.03895035383584425,2.6626071075489337,1.9040114033662499,-898.3783469044189,157.58871539545137,short,2025-02-25,0.5959727754560113,0.791378433426766,1737.9000244140625,1656.75,2830.199951171875,2410.10009765625,1,2,759.0496826171875,0.8407,positive,Healthcare,93733.79543685913
2025-02-04,WIPRO.NS,COFORGE.NS,0.015146027802731147,2.5269063499530993,0.08030960136834263,155.72800855443563,9.756356839027882,short,2025-02-25,0.06311620239974326,0.9116294692767258,1691.81005859375,1526.75,316.25,291.29998779296875,1,1,-140.11004638671875,0.8196,positive,Technology,93593.68539047241
2025-02-12,MPHASIS.NS,INFY.NS,6.449827822341094e-06,-2.8092853647581983,1.3947394505036834,312.19239578927295,86.92642707418071,long,2025-02-13,1.3278338114751936e-05,-3.1782990358560816,1863.1500244140625,1843.25,2666.60009765625,2601.949951171875,1,1,-44.7501220703125,0.9104,positive,Technology,93548.9352684021
2025-02-14,MPHASIS.NS,INFY.NS,4.469479315647872e-05,-3.8423819892455313,1.3871903642983197,323.8664136271159,89.73512803842058,long,2025-02-17,0.0002360252902618089,-3.104967961655142,1856.4000244140625,1842.300048828125,2554.25,2591.35009765625,1,1,51.2000732421875,0.9104,positive,Technology,93600.13534164429
2025-02-18,MPHASIS.NS,INFY.NS,0.00010746319705036768,-3.3091423070118435,1.3786162859707793,336.6914855445134,93.94274075257,long,2025-02-25,0.0252421061961957,-3.1436110917309183,1851.949951171875,1767.699951171875,2578.949951171875,2452.89990234375,1,1,-41.800048828125,0.9104,positive,Technology,93558.33529281616
2025-02-19,PIDILITIND.NS,HINDALCO.NS,0.0027390783671230492,-2.58501732094038,2.068969047687738,1703.3191373308136,89.13459635387613,long,2025-02-25,0.01455852418719152,-3.0663559057663985,626.2999877929688,619.4500122070312,2768.699951171875,2696.5,1,2,-137.5499267578125,0.8529,positive,Basic Materials,93420.78536605835
2025-02-25,PIDILITIND.NS,GRASIM.NS,0.02036533830211305,-2.5763841043045956,0.6231924075550289,1457.7971611769358,94.7292317532009,long,2025-04-09,0.11852603331456335,-0.7769337145102421,2379.300048828125,2557.75,2696.5,2939.800048828125,1,1,64.85009765625,0.8995,positive,Basic Materials,93485.6354637146
2025-02-25,ICICIGI.NS,SHRIRAMFIN.NS,0.0109296104391781,-2.51736754032604,2.240600526494783,585.5502711980588,73.27699296297295,long,2025-02-27,0.015844571719721878,-3.278522674985815,574.25,606.7999877929688,1687.75,1701.199951171875,1,2,-5.65008544921875,0.9151,positive,Financial Services,93479.98537826538
2025-02-27,IEX.NS,SHRIRAMFIN.NS,0.03227902077679143,-3.0418935423136864,0.2799411436980206,15.099143711192164,9.213808260750854,long,2025-02-28,0.034595206956179965,-3.392792971677858,606.7999877929688,617.2999877929688,156.94000244140625,155.92999267578125,1,1,-11.510009765625,0.9154,positive,Financial Services,93468.47536849976
2025-02-27,IDFCFIRSTB.NS,RBLBANK.NS,0.00024085901175437276,-2.578735372113844,0.1772517294647845,34.95329021446021,1.7847032138187167,long,2025-03-06,0.0011729290117724876,-3.015874430893866,162.8699951171875,162.49000549316406,59.220001220703125,57.77000045776367,1,1,-1.0700111389160156,0.7998,positive,Financial Services,93467.40535736084
2025-02-27,PIDILITIND.NS,HINDALCO.NS,0.021340836568072858,-3.4683980390140863,2.0275051946862037,1726.3095281734077,95.28645770508734,long,2025-02-28,0.041537946528263404,-3.624456267120281,631.9500122070312,634.3499755859375,2677.10009765625,2657.89990234375,1,2,-40.80035400390625,0.8529,positive,Basic Materials,93426.60500335693
2025-02-28,ICICIGI.NS,SHRIRAMFIN.NS,0.04223369928103142,-3.638927319885581,2.2306742815382714,589.55382470994,75.73635197264535,long,2025-03-03,0.08070292769588971,-3.9941449926477075,617.2999877929688,621.2999877929688,1690.949951171875,1663.5,1,2,-58.89990234375,0.9151,positive,Financial Services,93367.70510101318
2025-03-03,SUNPHARMA.NS,LUPIN.NS,0.02388554472686626,-2.7773743847290535,0.518587860379006,693.9675500550667,43.798096412019355,long,2025-03-04,0.049649496513128756,-3.1468236964199594,1952.949951171875,1953.199951171875,1585.0999755859375,1566.5,1,1,-18.8499755859375,0.9829,positive,Healthcare,93348.85512542725
2025-03-07,IDFCFIRSTB.NS,RBLBANK.NS,0.0025134533429871627,-3.279138002018681,0.18082157103933855,34.08023693427593,1.938619443370736,long,2025-03-10,0.004777239171176419,-3.4192758864294523,163.7899932861328,161.02000427246094,57.34000015258789,56.369998931884766,1,1,1.79998779296875,0.7998,positive,Financial Services,93350.65511322021
2025-03-10,APOLLOHOSP.NS,LUPIN.NS,0.026395682112397373,-2.61997857712749,1.5432157469151084,3609.740567691333,214.74276554056186,long,2025-03-25,0.024427657809566433,-0.6034143603060288,2010.4000244140625,2068.75,6149.60009765625,6644.7001953125,1,2,931.8502197265625,0.9371,positive,Healthcare,94282.50533294678
2025-03-11,CUB.NS,ICICIBANK.NS,0.024828911905813815,-2.6833227004333047,0.1400053215064131,-7.298015115308081,7.701131812083629,long,2025-04-11,0.06879626483352705,-0.5667457117117277,1245.4000244140625,1311.6500244140625,146.39999389648438,166.97000122070312,1,1,-45.67999267578125,0.8858,positive,Financial Services,94236.825340271
2025-03-11,IDFCFIRSTB.NS,RBLBANK.NS,0.007513240082559405,-3.3294292608815663,0.1823466887209192,33.711437554225284,2.024121127179313,long,2025-03-12,0.011812763257732561,-3.6029235497841383,155.67999267578125,155.9600067138672,55.36000061035156,54.630001068115234,1,1,-1.0100135803222656,0.7998,positive,Financial Services,94235.81532669067
2025-03-13,APOLLOHOSP.NS,SUNPHARMA.NS,0.0006405576676013233,-2.548965703141523,2.9197997275336167,1647.9853343843529,179.55209841570502,long,2025-03-25,0.0010902573951906839,-0.799741393592576,1683.449951171875,1764.75,6105.64990234375,6644.7001953125,1,3,1535.850830078125,0.9535,positive,Healthcare,95771.6661567688
2025-03-13,IDFCFIRSTB.NS,RBLBANK.NS,0.02062375123159534,-4.055528079843218,0.18427534344934227,33.25650073424088,2.1162285307146615,long,2025-03-17,0.061290182600723116,-3.9992997382381037,156.32000732421875,154.3300018310547,53.47999954223633,52.88999938964844,1,1,1.4000053405761719,0.7998,positive,Financial Services,95773.06616210938
2025-03-21,EICHERMOT.NS,M&M.NS,0.016234654490373052,2.5981943053564405,0.693239921133973,2884.894397176888,184.24390216708838,short,2025-03-24,0.03130086892482734,3.3162780591868692,2801.85009765625,2774.699951171875,5305.9501953125,5424.2001953125,1,1,-145.400146484375,0.9307,positive,Consumer Cyclical,95627.666015625
2025-03-24,KOTAKBANK.NS,SBICARD.NS,0.0019005037569328823,3.827342299698266,1.4111266658760648,758.0124797390353,55.47705692024379,short,2025-03-25,0.011764278582204302,3.3985580106144377,854.5,859.2000122070312,2176.14990234375,2170.0,1,1,10.84991455078125,0.8095,positive,Financial Services,95638.51593017578
2025-03-24,KOTAKBANK.NS,BAJFINANCE.NS,0.0025542884796296897,2.7875891887357565,1.2230214808378301,918.4737069213268,52.354754729062485,short,2025-04-07,0.007381818285199186,0.6869234587350681,909.0050048828125,856.7999877929688,2176.14990234375,2037.8499755859375,1,1,86.09490966796875,0.8779,positive,Financial Services,95724.61083984375
2025-03-25,EICHERMOT.NS,M&M.NS,0.044837389375392125,3.4339143645594428,0.6690399895404417,2958.9375564746742,186.90595163546547,short,2025-03-26,0.060899381521798794,3.210072336339369,2736.0,2742.25,5431.25,5403.2998046875,1,1,34.2001953125,0.9307,positive,Consumer Cyclical,95758.81103515625
2025-03-25,EICHERMOT.NS,TRENT.NS,0.04046786521203332,2.6851736126400545,0.10621650649003825,4171.9361637071715,263.8845982719892,short,2025-04-15,0.029260908991086847,3.0395925074388344,5185.0498046875,4877.0,5431.25,5529.0,1,1,-405.7998046875,0.8286,positive,Consumer Cyclical,95353.01123046875
2025-03-26,KOTAKBANK.NS,SBICARD.NS,0.009463258800586164,2.563962554696061,1.4895491952554476,701.6522528845103,58.279031631184765,short,2025-04-09,0.0028164434134811166,0.9940444049149473,868.5999755859375,846.5499877929688,2144.89990234375,2052.699951171875,1,1,70.14996337890625,0.8095,positive,Financial Services,95423.16119384766
2025-04-02,NESTLEIND.NS,TATACONSUM.NS,0.007037937698829862,-2.60806217498143,1.4959227781237638,800.4538601172981,68.81391630002855,long,2025-04-16,0.014475160038621364,-0.9174707151969956,1062.699951171875,1105.9000244140625,2210.699951171875,2383.300048828125,1,1,129.4000244140625,0.7876,positive,Consumer Defensive,95552.56121826172
2025-04-04,VOLTAS.NS,TRENT.NS,0.0023575032096364626,-2.51044168153423,0.15944673820173416,607.6142194160918,78.27011017700977,long,2025-04-07,0.006928537046473038,-0.8764692919610428,5562.85009765625,4740.9501953125,1298.0999755859375,1294.949951171875,1,1,818.7498779296875,0.9604,positive,Consumer Cyclical,96371.3110961914
2025-04-04,TORNTPHARM.NS,GRANULES.NS,0.038636025557494756,2.8231534675942727,3.1082341639081257,1440.4907046279288,151.00962306888783,short,2025-05-20,0.07740946223032621,0.7789052294920307,456.75,509.20001220703125,3286.5,3241.5,1,3,187.45001220703125,0.9055,positive,Healthcare,96558.76110839844
2025-04-07,LT.NS,ADANIPORTS.NS,0.01898259694301991,-2.566846939841188,0.6036755447546704,2760.7228688487257,141.29986550390606,long,2025-04-28,0.0478041811223848,-0.9350790222718048,1110.6500244140625,1209.9000244140625,3068.5,3327.300048828125,1,1,159.550048828125,0.8638,positive,Industrials,96718.31115722656
2025-04-07,LT.NS,BHEL.NS,0.011685617620058613,-2.7172984344880806,2.262157792920259,2979.0901850685923,140.0068343344277,long,2025-04-30,0.031156876785004627,-0.8377606844054536,207.6999969482422,226.83999633789062,3068.5,3341.0,1,2,525.8600006103516,0.8722,positive,Industrials,97244.17115783691
2025-04-07,POLYCAB.NS,SIEMENS.NS,0.0178990441036329,3.5388334717306993,0.7087830878825052,1741.9618562707838,338.8747422162178,short,2025-04-08,0.027374316292613655,3.4516541531836653,2812.449951171875,2763.449951171875,4934.60009765625,4986.14990234375,1,1,-100.5498046875,0.7552,positive,Industrials,97143.62135314941
2025-04-08,EICHERMOT.NS,M&M.NS,0.018900165478496985,2.5547803889804044,0.5156624124770404,3417.2157765582983,200.7150698430773,short,2025-04-15,0.058808262980108224,3.6003408175199954,2523.64990234375,2646.0,5231.35009765625,5529.0,1,1,-175.2998046875,0.9307,positive,Consumer Cyclical,96968.32154846191
2025-04-09,POLYCAB.NS,SIEMENS.NS,0.03570667289115591,3.284516209162249,0.6640239139213937,2048.704062531921,351.0125852880591,short,2025-04-11,0.038005610412661955,3.2297897478050546,2715.85009765625,2727.800048828125,5005.0,5093.25,1,1,-76.300048828125,0.7552,positive,Industrials,96892.02149963379
2025-04-15,EICHERMOT.NS,TVSMOTOR.NS,0.02975190062647043,2.7528765564286437,0.35102296688593654,4007.992701147218,222.70755060578335,short,2025-04-16,0.07082631311386711,3.101406071861189,2586.5,2614.199951171875,5529.0,5615.5,1,1,-58.800048828125,0.9072,positive,Consumer Cyclical,96833.22145080566
2025-04-15,EICHERMOT.NS,BOSCHLTD.NS,0.0033176363389368167,2.5164823237141807,-0.017535471256034108,5429.38105384688,228.3564073006986,short,2025-04-17,0.011742092473700389,3.1511366527354774,27090.0,27505.0,5529.0,5678.5,1,1,265.5,0.7629,positive,Consumer Cyclical,97098.72145080566
2025-04-16,EICHERMOT.NS,INDHOTEL.NS,0.005477358105188708,2.8513855944387254,1.5289599286440616,3803.015101813561,184.12950179721875,short,2025-04-17,0.013308921305560875,3.1692178027258233,842.0499877929688,841.2000122070312,5615.5,5678.5,1,2,-126.8499755859375,0.9109,positive,Consumer Cyclical,96971.87147521973
2025-04-17,APOLLOHOSP.NS,GLENMARK.NS,0.021345416354875017,2.5467850808361123,1.6826628626378932,4207.813279909646,238.29260536007655,short,2025-05-09,0.06028583887938471,0.6290605212937311,1342.4000244140625,1398.199951171875,7073.5,6722.0,1,2,758.7999267578125,0.881,positive,Healthcare,97730.67140197754
2025-04-17,TORNTPHARM.NS,GLENMARK.NS,0.0044285237648770195,2.583435329629239,1.1896314419217549,1412.2333518539265,95.06931235238098,short,2025-05-08,0.011064182298657148,0.6598315130059231,1342.4000244140625,1418.9000244140625,3254.800048828125,3185.800048828125,1,1,145.5,0.9509,positive,Healthcare,97876.17140197754
2025-04-17,BHARTIARTL.NS,ZEEL.NS,0.04161729016007894,2.5891768817114005,-5.135019452812466,2211.873064828725,102.0047299919614,short,2025-06-23,0.7669886725900217,3.3072207037065655,114.29000091552734,149.66000366210938,1889.0999755859375,1936.300048828125,1,1,-11.830070495605469,-0.8683,negative,Communication Services,97864.34133148193
2025-04-21,IDFCFIRSTB.NS,INDUSINDBK.NS,0.020824590949662262,2.7942135914481616,0.029023315649267967,34.74464923424158,2.8123260886158348,short,2025-04-22,0.054092655102364044,3.3407667880781147,828.2000122070312,787.5,66.63999938964844,67.19999694824219,1,1,-41.260009765625,0.8091,positive,Financial Services,97823.08132171631
2025-04-21,EICHERMOT.NS,BOSCHLTD.NS,0.012389498178548843,3.7038607962446894,-0.022241990429573158,5597.461355586646,224.45929371816618,short,2025-04-22,0.015255162943096642,3.5076442533362897,27800.0,28020.0,5810.5,5784.0,1,1,246.5,0.7629,positive,Consumer Cyclical,98069.58132171631
2025-04-21,EICHERMOT.NS,INDHOTEL.NS,0.016283759666195583,3.8693718708386236,1.5561809043499741,3792.31766155585,185.3368805834821,short,2025-04-22,0.03343531201208948,3.6314247521751457,836.0499877929688,833.9000244140625,5810.5,5784.0,1,2,50.85003662109375,0.9109,positive,Consumer Cyclical,98120.4313583374
2025-04-21,UBL.NS,COLPAL.NS,0.0055247713982243055,3.254140486436629,0.08039932430993031,1764.8241418723483,76.40726579553929,short,2025-04-22,0.009743073277824107,3.222262346129812,2544.0,2658.800048828125,2218.0,2230.800048828125,1,1,102.0,0.7543,positive,Consumer Defensive,98222.4313583374
2025-04-22,KOTAKBANK.NS,BAJFINANCE.NS,0.012277814279496223,2.667425931543981,1.5010617598005371,723.1271804790053,58.33888100475416,short,2025-05-05,0.00950056755823791,-0.013924526479794938,926.0499877929688,893.2000122070312,2268.800048828125,2084.89990234375,1,2,334.9503173828125,0.8779,positive,Financial Services,98557.38167572021
2025-04-23,UBL.NS,COLPAL.NS,0.009358991288162153,3.2218728096813245,0.0742468181014736,1785.9991177996524,78.61290532162938,short,2025-05-13,0.04993713786899567,0.4448043572108383,2688.60009765625,2598.89990234375,2238.89990234375,2035.5999755859375,1,1,113.5997314453125,0.7543,positive,Consumer Defensive,98670.98140716553
2025-04-24,EICHERMOT.NS,INDHOTEL.NS,0.04832081849858656,2.9103907184803224,1.6140528567738823,3765.2436028677494,193.5086371662227,short,2025-06-05,0.1259333763791614,0.9988957649536552,819.0999755859375,771.75,5650.5,5308.5,1,2,636.6500244140625,0.9109,positive,Consumer Cyclical,99307.63143157959
2025-04-28,KOTAKBANK.NS,SBICARD.NS,0.0074999839951946385,2.756404586457439,1.8964814137645323,405.13894066367413,66.06099055095741,short,2025-05-05,0.0015728238636988545,-0.7046107439110669,863.9000244140625,904.3499755859375,2225.60009765625,2084.89990234375,1,2,321.850341796875,0.8095,positive,Financial Services,99629.48177337646
2025-04-28,SUNPHARMA.NS,GLENMARK.NS,0.019359680056259845,2.8016144535594405,0.5936715061354523,852.0791040721933,54.92150205604665,short,2025-05-12,0.01657682888926092,0.18485691144540634,1407.5999755859375,1381.699951171875,1841.5999755859375,1686.199951171875,1,1,129.5,0.921,positive,Healthcare,99758.98177337646
2025-04-29,RELIANCE.NS,ADANIENT.NS,0.02589017476724841,2.6525577778317535,0.2704577331497905,618.7791547867985,56.772364527864646,short,2025-05-02,0.048115058097852194,3.01747544260944,2330.60009765625,2299.10009765625,1399.699951171875,1419.800048828125,1,1,-51.60009765625,0.7681,positive,Energy,99707.38167572021
2025-05-02,COALINDIA.NS,IOC.NS,0.000727046624646895,-2.5521969834745732,2.6219708774780828,48.45991649109419,15.61372480598706,long,2025-05-05,0.002596813062928915,-3.372914550954595,142.97999572753906,148.55999755859375,383.5,385.6000061035156,1,3,0.7200164794921875,0.9456,positive,Energy,99708.1016921997
2025-05-06,COALINDIA.NS,IOC.NS,0.007468149079722915,-3.0569688732378046,2.643350664546583,45.23721436117424,15.649875721009307,long,2025-05-20,0.00759332512693872,-0.7553755219975042,144.0800018310547,141.9199981689453,378.25,408.1000061035156,1,3,91.71002197265625,0.9456,positive,Energy,99799.81171417236
2025-05-12,MARICO.NS,BALRAMCHIN.NS,0.035552120677455765,2.586827979261589,0.2536346665698988,517.80816981056,30.41855707312655,short,2025-06-03,0.21438037421672324,0.9944610142289829,558.2999877929688,594.25,738.0999755859375,703.5999755859375,1,1,70.45001220703125,0.8124,positive,Consumer Defensive,99870.2617263794
2025-05-13,CUB.NS,FEDERALBNK.NS,0.017018740445158078,2.7953351258949177,0.6062111457018,50.37503087639412,7.255162644664698,short,2025-05-14,0.04067773386265858,3.23056080937324,198.08999633789062,198.22999572753906,190.74000549316406,194.3699951171875,1,1,-3.489990234375,0.8898,positive,Financial Services,99866.77173614502
2025-05-16,JINDALSTEL.NS,HINDCOPPER.NS,0.012337143992241565,2.6410263833316407,1.0996876337262231,631.5980485139689,38.42162368777061,short,2025-05-28,0.009775367994959991,0.9643053517045304,226.0,248.47999572753906,981.5999755859375,945.1500244140625,1,1,58.92994689941406,0.827,positive,Basic Materials,99925.70168304443
2025-05-20,CUB.NS,FEDERALBNK.NS,0.04562126231405723,2.8776887715954125,0.6486917076595919,42.58987795954667,7.765039368798461,short,2025-05-21,0.08549170756310659,3.052304395505813,198.16000366210938,200.82000732421875,193.47999572753906,197.0800018310547,1,1,-0.94000244140625,0.8898,positive,Financial Services,99924.76168060303
2025-05-27,ACC.NS,SAIL.NS,0.045249609596193306,-2.5979785981477796,14.154017167395327,447.63924540277844,127.31542519670509,long,2025-05-30,0.2477816761351957,-3.081342185840742,128.5800018310547,129.17999267578125,1936.800048828125,1882.800048828125,1,14,-756.5999908447266,0.7645,positive,Basic Materials,99168.1616897583
2025-05-28,IRCTC.NS,BHEL.NS,0.007480826272682663,-3.023097035206602,2.5424153297560963,214.70425636828054,38.43329977605677,long,2025-05-29,0.03274481995865704,-3.047109702457038,266.6099853515625,266.4100036621094,776.3499755859375,774.7000122070312,1,3,-4.749908447265625,0.8492,positive,Industrials,99163.41178131104
2025-05-28,LICI.NS,RECLTD.NS,0.038789545903174065,3.706120791713892,1.4301730298656852,204.67033855323234,43.33706216821795,short,2025-05-29,0.20423707892941978,3.4932560908888273,403.25,408.25,942.0,944.4500122070312,1,1,2.54998779296875,0.8885,positive,Financial Services,99165.961769104
2025-06-04,SBICARD.NS,BAJFINANCE.NS,8.357842401208414e-05,3.047338833698356,0.8062615759385796,157.75796829435208,19.59241640618456,short,2025-06-05,0.0003596903217062105,3.2851966238172405,898.7000122070312,893.4000244140625,942.0499877929688,944.3499755859375,1,1,-7.5999755859375,0.8728,positive,Financial Services,99158.36179351807
2025-06-06,KOTAKBANK.NS,SBICARD.NS,0.003426849144392549,-3.2747484783607295,1.7412112787210945,534.0242219583888,57.96512289625895,long,2025-06-18,0.004574711621475486,-0.9663193468911125,993.0999755859375,972.5999755859375,2073.39990234375,2132.39990234375,1,2,138.5,0.8095,positive,Financial Services,99296.86179351807
2025-06-06,IDFCFIRSTB.NS,MUTHOOTFIN.NS,0.006555425726297786,3.768503732434299,-0.031202759635957325,131.231266427042,4.417383371375661,short,2025-06-09,0.050698948703938485,4.381490309054453,2446.199951171875,2539.89990234375,71.55000305175781,72.30999755859375,1,1,92.93995666503906,-0.8514,negative,Financial Services,99389.8017501831
2025-06-06,SBICARD.NS,BAJFINANCE.NS,0.0007295524247510518,3.8204577646597677,0.8146711429742501,151.87300781692608,20.353028624093525,short,2025-06-09,0.002185321482492996,3.8620542541963077,937.1500244140625,960.75,993.0999755859375,1017.0,1,1,-0.300048828125,0.8728,positive,Financial Services,99389.50170135498
2025-06-09,BANDHANBNK.NS,MUTHOOTFIN.NS,0.010196506780628048,4.316682428571362,-0.0987716940713277,375.2667521115828,14.326620160506184,short,2025-06-10,0.039759908550071256,3.7821382655845106,2539.89990234375,2553.60009765625,186.24000549316406,181.08999633789062,1,1,18.850204467773438,-0.789,negative,Financial Services,99408.35190582275
2025-06-10,SBICARD.NS,BAJFINANCE.NS,0.0038919314175227837,3.40885800200477,0.8288474455757127,141.73371522005982,21.508206942409466,short,2025-06-11,0.0031652753067890576,3.0735317441569,949.75,942.5,1002.25,991.9500122070312,1,1,3.04998779296875,0.8728,positive,Financial Services,99411.40189361572
2025-06-12,SBICARD.NS,BAJFINANCE.NS,0.002793179573628125,3.6309183551954143,0.8407658253775216,133.21183420997744,22.381871272148043,short,2025-06-13,0.0067376634018311435,3.8308273814177425,936.8499755859375,933.0999755859375,1002.1500244140625,1007.0,1,1,-8.5999755859375,0.8728,positive,Financial Services,99402.80191802979
2025-06-13,SUNPHARMA.NS,GLENMARK.NS,0.04647163547600879,-2.6779599474641462,0.6168871767141979,816.2421620700891,59.21747442410113,long,2025-06-17,0.08708888112224561,-3.0020681316682665,1669.9000244140625,1653.199951171875,1687.800048828125,1650.199951171875,1,1,-20.9000244140625,0.921,positive,Healthcare,99381.90189361572
2025-06-16,SBICARD.NS,BAJFINANCE.NS,0.014936958969741405,3.563753688581259,0.8533635768654109,124.343357542478,23.54304671325346,short,2025-06-17,0.01370837087703115,3.2210184133683897,938.0,923.0,1008.7000122070312,991.0,1,1,2.70001220703125,0.8728,positive,Financial Services,99384.60190582275
2025-06-18,SBICARD.NS,BAJFINANCE.NS,0.011517135883880278,2.506634670530922,0.8646901418654602,116.39680560738508,24.55600344471304,short,2025-06-30,0.0053689464605349065,0.8077084818299523,919.0,936.5,972.5999755859375,953.0999755859375,1,1,37.0,0.8728,positive,Financial Services,99421.60190582275
